source_dataset,binary_label,n,duration_median_s,sr_median,channels_median
audioset_ev,emergency,7900,10.0,32000.0,1.0
audioset_ev,non_emergency,4100,10.0,32000.0,1.0
esc50,non_emergency,2000,5.0,44100.0,1.0
lssiren,emergency,932,7.238312925170068,44100.0,2.0
lssiren,non_emergency,902,9.407743764172336,44100.0,2.0
sirennet,emergency,1254,3.000090702947846,44100.0,2.0
sirennet,non_emergency,421,3.0,44100.0,2.0
sonyc_ust,non_emergency,12000,10.0,48000.0,1.0
urbansound8k,non_emergency,8732,4.0,44100.0,2.0
